Citazione, Autore
"È inutile rimpiangere il tempo che passa. Ciò che conta è come lo impieghiamo.", Bruce Lee
"Il tempo è il mio unico nemico.", Michelangelo Buonarroti
"Chi controlla il passato controlla il futuro. Chi controlla il presente controlla il passato.", George Orwell
"La vita è ciò che succede quando sei troppo occupato a fare altri progetti.", John Lennon
"Il tempo è denaro.", Benjamin Franklin
"La pazienza è l'arte di sperare.", Luc de Clapiers
"Nessuno può tornare indietro e creare un nuovo inizio, ma chiunque può iniziare oggi e creare un nuovo finale.", Maria Robinson
"Il tempo è la moneta della vita. È la sola moneta che hai, e solo tu puoi decidere come spenderla.", Carl Sandburg
"La saggezza del tempo è eterna, mentre la giovinezza è solo un momento fugace.", Christina Rossetti
"Non c'è altro tempo che il presente. L'importante è saperlo cogliere al volo.", Marie Curie
"Il tempo è come una moneta, una volta speso non si può recuperare.", Anonimo
"Il tempo è il mio unico nemico.", Michelangelo Buonarroti
"Il passato è un luogo estraneo; là fanno le cose in modo diverso.", L.P. Hartley
"Ogni uomo deve decidere se camminare nella luce dell'altruismo creativo o nell'oscurità dell'egoismo distruttivo.", Martin Luther King Jr.
"Il tempo è l'orologio della vita, ma la vita non è fatta solo di ore.", Anonimo
"La vita è fatta di momenti, non di attimi.", Anonimo
"Il tempo è come una candela che si consuma mentre si accende.", Rumi
"La vita è troppo breve per sprecarla cercando di risolvere i misteri del passato.", Anonimo
"Il tempo è il mio unico nemico.", Michelangelo Buonarroti
"Chi non ha tempo è come se non avesse niente.", Baltasar Gracián
"Il tempo è il mio unico nemico.", Michelangelo Buonarroti
"Il passato è un paese straniero: là le cose si fanno in modo diverso.", L.P. Hartley
"Il tempo è l'unico vero nemico dell'uomo.", Henry Fielding
"Il tempo è l'unico vero rivale dell'uomo.", H.P. Lovecraft
"Il tempo è il mio unico nemico.", Michelangelo Buonarroti
"Chi non sa gestire il tempo, non sa gestire nulla.", Johann Wolfgang von Goethe
"Il tempo è un grande insegnante, ma sfortunatamente uccide tutti i suoi allievi.", Hector Berlioz
"La vita è come una bicicletta: per mantenere l'equilibrio, devi muoverti in avanti.", Albert Einstein
"Il tempo è un grande insegnante, ma purtroppo uccide tutti i suoi allievi.", Hector Berlioz
"La vita è troppo importante per essere presa sul serio.", Oscar Wilde
"Il tempo è l'unico vero rivale dell'uomo.", H.P. Lovecraft
"Il tempo è il mio unico nemico.", Michelangelo Buonarroti
"La vita è una brevissima pausa tra due eternità.", Tennessee Williams
"Il tempo è una creazione dell'uomo, non una realtà naturale.", Henri Bergson
"Il tempo è l'unico vero nemico dell'uomo.", Henry Fielding
"Il tempo è il miglior medico, ma un cattivo cosmetico.", Anonymous
"Il tempo è il mio unico nemico.", Michelangelo Buonarroti
"La vita è fatta di momenti, non di attimi.", Anonimo
"Il tempo è come una candela che si consuma mentre si accende.", Rumi
"Il tempo è l'unico vero nemico dell'uomo.", Henry Fielding
"Il tempo è l'unica cosa che non possiamo mai recuperare.", Oscar Wilde
"Il tempo è il mio unico nemico.", Michelangelo Buonarroti
"La vita è troppo breve per sprecarla cercando di risolvere i misteri del passato.", Anonimo
"Il tempo è il mio unico nemico.", Michelangelo Buonarroti
"Chi non sa gestire il tempo, non sa gestire nulla.", Johann Wolfgang von Goethe
"Il tempo è un grande insegnante, ma sfortunatamente uccide tutti i suoi allievi.", Hector Berlioz
"Il tempo è il mio unico nemico.", Michelangelo Buonarroti
"Chi non ha tempo è come se non avesse niente.", Baltasar Gracián
"Il tempo è il mio unico nemico.", Michelangelo Buonarroti
"Il passato è un paese straniero: là le cose si fanno in modo diverso.", L.P. Hartley
"Il tempo è l'unico vero rivale dell'uomo.", H.P. Lovecraft
"Il tempo è il mio unico nemico.", Michelangelo Buonarroti
"Chi non sa gestire il tempo, non sa gestire nulla.", Johann Wolfgang von Goethe
